543462,1715,1464116,pv,1511658000   //0
543462,1715,1464116,pv,1511658005
543462,1715,1464116,pv,1511658010
543462,1715,1464116,pv,1511658015
543462,1715,1464116,fav,1511658000   //0
543462,1716,1464116,pv,1511658300   //5
543462,1717,1464116,pv,1511658301
543462,1715,1464116,pv,1511658006
543462,1717,1464116,pv,1511658304
543462,1717,1464116,pv,1511658305
543462,1717,1464116,pv,1511658322
543462,1715,1464116,pv,1511658005   //延时
543462,1717,1464116,pv,1511661600				//10
543462,1717,1464116,pv,1511661601